{
  "homography_matrix": [
    [
      0.006674217291275321,
      0.0009945580274309605,
      -1.3195295390694566
    ],
    [
      -7.816864806739829e-05,
      -0.01075023005142206,
      0.03631389724669187
    ],
    [
      -1.4066425646035224e-05,
      0.0016702855321675512,
      1.0
    ]
  ],
  "image_points": [
    [
      5,
      135
    ],
    [
      15,
      215
    ],
    [
      628,
      208
    ],
    [
      635,
      131
    ]
  ],
  "world_points": [
    [
      -0.94,
      -1.155
    ],
    [
      -0.74,
      -1.675
    ],
    [
      2.3,
      -1.68
    ],
    [
      2.52,
      -1.175
    ]
  ],
  "camera_device": 2,
  "frame_size": [
    640,
    480
  ],
  "created_at": "2026-03-10T20:27:34.404752",
  "rms_error": 2.9373740229761033e-16
}